customer_id,name,segment,last_purchase_date,days_since_purchase
1,Karan Verma,active,2026-09-03,9
2,Neha Singh,active,2026-09-08,4
3,Karan Mehta,active,2026-08-29,14
4,Rahul Sharma,active,2026-09-04,8
5,Pooja Yadav,active,2026-09-05,7
6,Simran Mehta,active,2026-08-28,15
7,Arjun Kumar,inactive,2026-06-28,76
8,Nikhil Gupta,occasional,2026-07-22,52
9,Rohit Gupta,active,2026-08-18,25
10,Ankit Verma,active,2026-09-08,4
11,Ankit Patel,occasional,2026-08-10,33
12,Simran Jain,occasional,2026-07-19,55
13,Aman Mehta,active,2026-08-22,21
14,Arjun Patel,occasional,2026-08-08,35
15,Rahul Singh,inactive,2026-06-18,86
16,Riya Singh,inactive,2026-05-11,124
17,Rohit Jain,occasional,2026-07-20,54
18,Priya Patel,active,2026-08-21,22
19,Rohit Verma,occasional,2026-08-02,41
20,Pooja Singh,active,2026-08-30,13
21,Rohit Mehta,active,2026-09-01,11
22,Riya Sharma,active,2026-09-10,2
23,Nikhil Patel,active,2026-09-09,3
24,Neha Yadav,inactive,2026-05-19,116
25,Neha Jain,active,2026-08-13,30
26,Karan Jain,active,2026-09-07,5
27,Neha Mehta,occasional,2026-07-06,68
28,Sneha Yadav,active,2026-09-04,8
29,Priya Mehta,active,2026-08-18,25
30,Rahul Verma,active,2026-09-06,6
31,Nikhil Agarwal,occasional,2026-07-19,55
32,Sneha Yadav,inactive,2026-04-22,143
33,Rohit Mehta,inactive,2026-06-27,77
34,Karan Verma,occasional,2026-07-09,65
35,Nikhil Kumar,inactive,2026-05-16,119
36,Aman Kumar,active,2026-08-28,15
37,Rahul Kumar,inactive,2026-03-23,173
38,Priya Mehta,inactive,2026-04-09,156
39,Rohit Mehta,occasional,2026-08-03,40
40,Ankit Gupta,occasional,2026-07-10,64
41,Aditya Sharma,occasional,2026-07-12,62
42,Rahul Verma,inactive,2026-03-17,179
43,Rohit Singh,active,2026-08-14,29
44,Arjun Verma,active,2026-08-27,16
45,Riya Verma,inactive,2026-04-21,144
46,Nikhil Gupta,active,2026-08-27,16
47,Pooja Gupta,active,2026-08-15,28
48,Arjun Agarwal,inactive,2026-04-20,145
49,Nikhil Singh,inactive,2026-05-08,127
50,Karan Patel,active,2026-08-26,17
51,Vikas Verma,active,2026-09-09,3
52,Ankit Sharma,occasional,2026-07-29,45
53,Arjun Singh,active,2026-08-20,23
54,Karan Sharma,active,2026-08-14,29
55,Rahul Patel,active,2026-09-04,8
56,Rohit Jain,active,2026-09-07,5
57,Simran Yadav,occasional,2026-07-28,46
58,Nikhil Jain,inactive,2026-06-04,100
59,Aman Verma,occasional,2026-07-21,53
60,Sneha Agarwal,active,2026-08-19,24
61,Rahul Verma,active,2026-08-19,24
62,Ankit Verma,active,2026-09-05,7
63,Pooja Jain,active,2026-09-06,6
64,Rohit Jain,active,2026-08-13,30
65,Aman Jain,inactive,2026-04-19,146
66,Aman Sharma,occasional,2026-07-09,65
67,Riya Sharma,inactive,2026-03-24,172
68,Riya Singh,active,2026-08-27,16
69,Vikas Singh,inactive,2026-06-21,83
70,Priya Agarwal,active,2026-08-30,13
71,Rohit Jain,active,2026-08-20,23
72,Simran Mehta,occasional,2026-07-12,62
73,Priya Singh,active,2026-09-10,2
74,Arjun Mehta,active,2026-09-01,11
75,Rahul Sharma,occasional,2026-07-11,63
76,Aditya Mehta,active,2026-08-26,17
77,Aman Gupta,active,2026-09-09,3
78,Karan Singh,active,2026-08-14,29
79,Arjun Singh,occasional,2026-08-10,33
80,Arjun Verma,active,2026-08-24,19
81,Arjun Mehta,active,2026-09-03,9
82,Neha Patel,active,2026-08-30,13
83,Priya Kumar,active,2026-08-13,30
84,Nikhil Verma,active,2026-08-23,20
85,Arjun Verma,active,2026-09-05,7
86,Pooja Kumar,active,2026-08-31,12
87,Aditya Verma,inactive,2026-05-12,123
88,Rohit Gupta,active,2026-08-25,18
89,Simran Kumar,occasional,2026-07-02,72
90,Pooja Sharma,occasional,2026-07-08,66
91,Rohit Verma,inactive,2026-06-11,93
92,Rohit Verma,inactive,2026-03-25,171
93,Pooja Gupta,active,2026-08-23,20
94,Neha Patel,active,2026-08-22,21
95,Riya Kumar,occasional,2026-07-27,47
96,Aditya Sharma,active,2026-08-29,14
97,Riya Kumar,active,2026-09-01,11
98,Nikhil Gupta,occasional,2026-07-27,47
99,Priya Jain,occasional,2026-07-16,58
100,Pooja Sharma,active,2026-08-14,29
101,Simran Gupta,occasional,2026-07-20,54
102,Arjun Mehta,active,2026-09-07,5
103,Rahul Kumar,active,2026-08-13,30
104,Nikhil Sharma,inactive,2026-06-02,102
105,Karan Singh,occasional,2026-07-21,53
106,Nikhil Mehta,inactive,2026-05-07,128
107,Arjun Gupta,inactive,2026-05-29,106
108,Riya Gupta,inactive,2026-03-17,179
109,Priya Agarwal,active,2026-08-19,24
110,Aditya Patel,inactive,2026-05-07,128
111,Nikhil Singh,active,2026-08-17,26
112,Simran Verma,active,2026-09-10,2
113,Riya Jain,active,2026-08-16,27
114,Aditya Jain,active,2026-08-16,27
115,Nikhil Singh,active,2026-08-21,22
116,Neha Agarwal,active,2026-08-15,28
117,Aman Kumar,active,2026-08-26,17
118,Sneha Mehta,active,2026-09-11,1
119,Aman Kumar,active,2026-09-03,9
120,Rahul Verma,occasional,2026-07-21,53
121,Simran Patel,active,2026-08-26,17
122,Aman Agarwal,inactive,2026-06-04,100
123,Rohit Sharma,inactive,2026-06-28,76
124,Pooja Mehta,occasional,2026-07-01,73
125,Neha Patel,active,2026-08-21,22
126,Aditya Patel,occasional,2026-07-01,73
127,Riya Verma,inactive,2026-05-21,114
128,Pooja Kumar,occasional,2026-07-23,51
129,Sneha Kumar,occasional,2026-07-31,43
130,Sneha Agarwal,occasional,2026-08-01,42
131,Arjun Yadav,active,2026-08-25,18
132,Riya Sharma,active,2026-09-05,7
133,Sneha Yadav,occasional,2026-07-23,51
134,Vikas Jain,active,2026-09-05,7
135,Pooja Jain,inactive,2026-03-19,177
136,Simran Gupta,occasional,2026-07-25,49
137,Pooja Yadav,active,2026-08-16,27
138,Nikhil Singh,occasional,2026-07-29,45
139,Nikhil Singh,active,2026-09-10,2
140,Neha Jain,occasional,2026-08-08,35
141,Vikas Agarwal,inactive,2026-04-16,149
142,Neha Agarwal,active,2026-09-04,8
143,Priya Sharma,inactive,2026-03-22,174
144,Aditya Verma,inactive,2026-05-31,104
145,Priya Mehta,active,2026-08-25,18
146,Neha Verma,active,2026-08-17,26
147,Vikas Mehta,inactive,2026-04-13,152
148,Ankit Jain,occasional,2026-07-11,63
149,Sneha Mehta,active,2026-09-06,6
150,Simran Jain,active,2026-08-18,25
151,Neha Kumar,inactive,2026-04-23,142
152,Vikas Singh,active,2026-09-09,3
153,Simran Kumar,active,2026-09-01,11
154,Ankit Mehta,active,2026-09-07,5
155,Neha Agarwal,occasional,2026-07-30,44
156,Aman Agarwal,active,2026-08-25,18
157,Vikas Agarwal,active,2026-08-16,27
158,Sneha Agarwal,inactive,2026-04-15,150
159,Simran Sharma,inactive,2026-03-23,173
160,Arjun Agarwal,active,2026-08-31,12
161,Rohit Agarwal,inactive,2026-05-06,129
162,Pooja Mehta,inactive,2026-05-31,104
163,Vikas Singh,active,2026-08-27,16
164,Rahul Agarwal,active,2026-08-21,22
165,Nikhil Agarwal,inactive,2026-04-30,135
166,Aditya Gupta,inactive,2026-04-21,144
167,Rahul Agarwal,occasional,2026-07-01,73
168,Rahul Verma,occasional,2026-08-04,39
169,Riya Jain,active,2026-09-03,9
170,Sneha Patel,active,2026-09-01,11
171,Ankit Agarwal,active,2026-08-16,27
172,Sneha Kumar,inactive,2026-04-29,136
173,Rahul Mehta,active,2026-08-31,12
174,Neha Verma,inactive,2026-04-06,159
175,Rahul Sharma,inactive,2026-06-03,101
176,Riya Sharma,occasional,2026-07-28,46
177,Priya Jain,occasional,2026-07-07,67
178,Neha Jain,occasional,2026-07-20,54
179,Priya Yadav,occasional,2026-08-05,38
180,Nikhil Gupta,inactive,2026-06-15,89
181,Arjun Sharma,inactive,2026-04-16,149
182,Karan Agarwal,active,2026-08-20,23
183,Neha Verma,occasional,2026-07-03,71
184,Neha Verma,occasional,2026-07-24,50
185,Riya Yadav,inactive,2026-03-19,177
186,Arjun Sharma,active,2026-08-29,14
187,Karan Patel,active,2026-08-22,21
188,Ankit Sharma,inactive,2026-04-27,138
189,Aman Agarwal,inactive,2026-04-08,157
190,Aditya Jain,inactive,2026-05-04,131
191,Priya Mehta,inactive,2026-05-25,110
192,Arjun Mehta,inactive,2026-04-30,135
193,Sneha Yadav,active,2026-08-15,28
194,Neha Verma,active,2026-08-28,15
195,Neha Jain,occasional,2026-07-01,73
196,Sneha Patel,active,2026-08-15,28
197,Ankit Gupta,active,2026-08-31,12
198,Nikhil Kumar,active,2026-08-14,29
199,Arjun Kumar,occasional,2026-07-10,64
200,Neha Verma,active,2026-08-29,14
201,Vikas Mehta,inactive,2026-04-01,164
202,Vikas Jain,active,2026-09-11,1
203,Aman Kumar,active,2026-08-20,23
204,Neha Kumar,occasional,2026-07-20,54
205,Vikas Mehta,occasional,2026-07-16,58
206,Simran Mehta,active,2026-08-20,23
207,Vikas Kumar,active,2026-09-04,8
208,Aman Singh,active,2026-08-19,24
209,Pooja Gupta,active,2026-08-19,24
210,Vikas Kumar,inactive,2026-03-23,173
211,Pooja Yadav,active,2026-09-08,4
212,Riya Singh,active,2026-08-31,12
213,Priya Kumar,active,2026-08-25,18
214,Priya Kumar,active,2026-09-10,2
215,Pooja Kumar,occasional,2026-08-04,39
216,Karan Jain,active,2026-09-11,1
217,Arjun Kumar,active,2026-08-28,15
218,Ankit Gupta,inactive,2026-05-27,108
219,Riya Jain,active,2026-09-09,3
220,Sneha Jain,active,2026-08-22,21
221,Karan Sharma,active,2026-08-17,26
222,Arjun Kumar,active,2026-09-04,8
223,Aman Mehta,inactive,2026-04-12,153
224,Arjun Yadav,active,2026-08-26,17
225,Sneha Jain,inactive,2026-05-21,114
226,Riya Yadav,inactive,2026-05-20,115
227,Arjun Yadav,active,2026-08-19,24
228,Aman Singh,occasional,2026-07-27,47
229,Karan Verma,active,2026-09-06,6
230,Pooja Verma,active,2026-08-29,14
231,Vikas Yadav,active,2026-09-10,2
232,Neha Kumar,inactive,2026-03-31,165
233,Riya Jain,active,2026-09-04,8
234,Aditya Kumar,inactive,2026-04-09,156
235,Arjun Singh,active,2026-08-25,18
236,Neha Gupta,inactive,2026-06-10,94
237,Aman Sharma,active,2026-09-02,10
238,Arjun Yadav,inactive,2026-05-03,132
239,Aman Jain,occasional,2026-06-29,75
240,Sneha Kumar,occasional,2026-07-12,62
241,Vikas Verma,occasional,2026-07-16,58
242,Simran Patel,occasional,2026-08-11,32
243,Aman Singh,inactive,2026-04-16,149
244,Arjun Sharma,inactive,2026-04-03,162
245,Riya Kumar,occasional,2026-08-01,42
246,Vikas Mehta,occasional,2026-07-26,48
247,Priya Yadav,active,2026-08-16,27
248,Vikas Verma,active,2026-08-29,14
249,Ankit Patel,occasional,2026-08-02,41
250,Ankit Agarwal,occasional,2026-07-25,49
251,Karan Agarwal,inactive,2026-04-19,146
252,Rahul Jain,active,2026-09-03,9
253,Ankit Verma,inactive,2026-05-08,127
254,Riya Mehta,inactive,2026-06-28,76
255,Karan Mehta,active,2026-09-10,2
256,Neha Mehta,active,2026-08-18,25
257,Vikas Jain,inactive,2026-06-02,102
258,Rohit Mehta,active,2026-09-02,10
259,Vikas Jain,active,2026-08-22,21
260,Arjun Singh,inactive,2026-05-20,115
261,Pooja Sharma,occasional,2026-08-07,36
262,Neha Verma,active,2026-09-08,4
263,Karan Gupta,active,2026-08-20,23
264,Rohit Mehta,inactive,2026-05-06,129
265,Riya Jain,inactive,2026-05-28,107
266,Vikas Mehta,active,2026-09-05,7
267,Aditya Yadav,occasional,2026-08-04,39
268,Riya Verma,active,2026-08-17,26
269,Riya Agarwal,active,2026-08-17,26
270,Pooja Kumar,inactive,2026-05-23,112
271,Simran Kumar,inactive,2026-04-15,150
272,Karan Jain,inactive,2026-05-02,133
273,Pooja Jain,active,2026-08-25,18
274,Nikhil Mehta,active,2026-08-13,30
275,Ankit Singh,inactive,2026-05-29,106
276,Arjun Agarwal,active,2026-08-18,25
277,Sneha Sharma,active,2026-08-27,16
278,Simran Agarwal,active,2026-08-21,22
279,Nikhil Gupta,active,2026-09-10,2
280,Priya Mehta,inactive,2026-05-17,118
281,Riya Verma,inactive,2026-05-03,132
282,Aman Mehta,inactive,2026-06-27,77
283,Simran Gupta,active,2026-08-22,21
284,Priya Verma,active,2026-09-03,9
285,Ankit Yadav,occasional,2026-07-02,72
286,Aman Patel,inactive,2026-04-21,144
287,Sneha Patel,occasional,2026-07-12,62
288,Riya Mehta,active,2026-09-09,3
289,Neha Kumar,inactive,2026-03-25,171
290,Aman Agarwal,inactive,2026-03-23,173
291,Karan Verma,active,2026-08-20,23
292,Rohit Sharma,active,2026-08-17,26
293,Rahul Kumar,active,2026-08-29,14
294,Priya Singh,occasional,2026-07-07,67
295,Karan Gupta,active,2026-09-09,3
296,Arjun Agarwal,occasional,2026-07-28,46
297,Vikas Yadav,active,2026-08-28,15
298,Karan Kumar,active,2026-08-21,22
299,Rahul Jain,inactive,2026-04-03,162
300,Pooja Gupta,active,2026-08-31,12
301,Arjun Kumar,occasional,2026-07-16,58
302,Simran Kumar,active,2026-09-02,10
303,Neha Agarwal,inactive,2026-06-15,89
304,Neha Agarwal,occasional,2026-07-07,67
305,Rohit Kumar,active,2026-08-16,27
306,Karan Agarwal,active,2026-08-24,19
307,Riya Sharma,inactive,2026-03-25,171
308,Vikas Kumar,inactive,2026-05-30,105
309,Arjun Patel,active,2026-09-05,7
310,Arjun Kumar,occasional,2026-07-01,73
311,Karan Gupta,occasional,2026-07-03,71
312,Karan Sharma,active,2026-08-28,15
313,Rahul Yadav,active,2026-09-07,5
314,Aman Kumar,active,2026-08-29,14
315,Priya Singh,active,2026-08-25,18
316,Aditya Patel,occasional,2026-07-26,48
317,Riya Gupta,active,2026-08-16,27
318,Vikas Kumar,inactive,2026-05-16,119
319,Nikhil Verma,active,2026-09-09,3
320,Priya Singh,inactive,2026-03-28,168
321,Karan Agarwal,inactive,2026-03-18,178
322,Pooja Patel,active,2026-08-30,13
323,Rahul Kumar,occasional,2026-07-14,60
324,Ankit Kumar,occasional,2026-07-03,71
325,Ankit Verma,occasional,2026-07-13,61
326,Rahul Yadav,inactive,2026-04-18,147
327,Ankit Yadav,active,2026-09-09,3
328,Karan Jain,inactive,2026-05-21,114
329,Karan Agarwal,active,2026-09-10,2
330,Rahul Kumar,inactive,2026-06-14,90
331,Aman Singh,inactive,2026-06-11,93
332,Sneha Jain,active,2026-08-19,24
333,Simran Mehta,active,2026-08-19,24
334,Simran Gupta,inactive,2026-04-06,159
335,Aman Jain,occasional,2026-07-26,48
336,Rahul Patel,active,2026-08-28,15
337,Neha Patel,active,2026-08-21,22
338,Ankit Mehta,inactive,2026-04-07,158
339,Ankit Sharma,active,2026-09-05,7
340,Aman Jain,active,2026-09-05,7
341,Karan Yadav,inactive,2026-06-22,82
342,Nikhil Patel,active,2026-09-07,5
343,Nikhil Yadav,active,2026-08-16,27
344,Nikhil Mehta,active,2026-09-05,7
345,Riya Singh,active,2026-09-07,5
346,Nikhil Yadav,active,2026-08-15,28
347,Priya Gupta,occasional,2026-08-01,42
348,Aman Sharma,active,2026-08-31,12
349,Nikhil Singh,occasional,2026-08-11,32
350,Priya Kumar,active,2026-08-19,24
351,Sneha Mehta,active,2026-09-09,3
352,Vikas Jain,inactive,2026-04-24,141
353,Arjun Verma,active,2026-09-04,8
354,Arjun Sharma,inactive,2026-04-05,160
355,Pooja Kumar,active,2026-09-11,1
356,Rahul Jain,inactive,2026-05-05,130
357,Karan Verma,active,2026-08-13,30
358,Vikas Verma,inactive,2026-05-18,117
359,Arjun Gupta,active,2026-09-03,9
360,Arjun Yadav,occasional,2026-07-23,51
361,Sneha Yadav,occasional,2026-07-14,60
362,Pooja Yadav,active,2026-08-17,26
363,Simran Verma,inactive,2026-04-06,159
364,Aditya Mehta,inactive,2026-06-01,103
365,Sneha Jain,inactive,2026-05-07,128
366,Ankit Jain,active,2026-08-19,24
367,Aman Patel,active,2026-08-21,22
368,Rohit Patel,inactive,2026-04-02,163
369,Aditya Jain,active,2026-08-16,27
370,Aman Verma,active,2026-08-19,24
371,Simran Patel,inactive,2026-04-18,147
372,Rahul Yadav,inactive,2026-04-18,147
373,Ankit Verma,active,2026-08-15,28
374,Karan Agarwal,inactive,2026-03-28,168
375,Rahul Kumar,occasional,2026-07-21,53
376,Aman Yadav,occasional,2026-08-03,40
377,Karan Jain,active,2026-09-08,4
378,Ankit Mehta,active,2026-08-18,25
379,Rohit Yadav,active,2026-08-29,14
380,Riya Mehta,inactive,2026-03-16,180
381,Arjun Yadav,occasional,2026-07-08,66
382,Rahul Yadav,inactive,2026-04-01,164
383,Rohit Sharma,active,2026-08-20,23
384,Nikhil Kumar,inactive,2026-05-15,120
385,Rahul Gupta,inactive,2026-04-17,148
386,Karan Agarwal,active,2026-08-19,24
387,Karan Sharma,active,2026-08-26,17
388,Neha Agarwal,active,2026-09-01,11
389,Priya Patel,active,2026-09-01,11
390,Nikhil Yadav,occasional,2026-08-09,34
391,Priya Gupta,inactive,2026-06-22,82
392,Karan Verma,active,2026-08-21,22
393,Sneha Jain,occasional,2026-07-17,57
394,Rohit Singh,inactive,2026-06-14,90
395,Ankit Agarwal,active,2026-08-21,22
396,Karan Yadav,active,2026-08-21,22
397,Rohit Sharma,active,2026-08-23,20
398,Rahul Sharma,active,2026-09-05,7
399,Nikhil Gupta,inactive,2026-05-22,113
400,Ankit Verma,active,2026-08-19,24
401,Sneha Gupta,active,2026-08-25,18
402,Simran Singh,occasional,2026-07-01,73
403,Nikhil Patel,active,2026-08-15,28
404,Simran Sharma,active,2026-08-28,15
405,Aditya Verma,inactive,2026-04-16,149
406,Sneha Yadav,active,2026-08-22,21
407,Sneha Kumar,active,2026-09-11,1
408,Ankit Gupta,inactive,2026-04-10,155
409,Vikas Patel,active,2026-08-15,28
410,Aman Singh,active,2026-08-30,13
411,Pooja Verma,active,2026-09-02,10
412,Simran Patel,active,2026-08-18,25
413,Priya Verma,occasional,2026-08-05,38
414,Pooja Mehta,active,2026-08-18,25
415,Ankit Patel,inactive,2026-03-16,180
416,Karan Gupta,active,2026-09-07,5
417,Rohit Singh,active,2026-09-07,5
418,Nikhil Verma,active,2026-08-18,25
419,Karan Jain,active,2026-08-24,19
420,Nikhil Yadav,active,2026-08-13,30
421,Aditya Yadav,occasional,2026-07-04,70
422,Ankit Patel,active,2026-09-09,3
423,Vikas Jain,occasional,2026-07-26,48
424,Arjun Sharma,active,2026-09-09,3
425,Rohit Jain,active,2026-09-10,2
426,Ankit Kumar,active,2026-08-15,28
427,Riya Verma,occasional,2026-07-11,63
428,Sneha Jain,occasional,2026-08-10,33
429,Vikas Yadav,occasional,2026-07-23,51
430,Arjun Jain,occasional,2026-08-09,34
431,Vikas Verma,inactive,2026-05-16,119
432,Simran Verma,occasional,2026-08-01,42
433,Rahul Singh,inactive,2026-05-03,132
434,Pooja Mehta,occasional,2026-07-20,54
435,Ankit Kumar,active,2026-08-18,25
436,Ankit Yadav,active,2026-08-22,21
437,Karan Patel,active,2026-09-08,4
438,Pooja Agarwal,active,2026-08-19,24
439,Riya Yadav,inactive,2026-05-17,118
440,Aman Yadav,occasional,2026-07-21,53
441,Rohit Agarwal,active,2026-08-20,23
442,Aman Kumar,occasional,2026-07-02,72
443,Nikhil Patel,inactive,2026-04-04,161
444,Simran Mehta,active,2026-08-21,22
445,Sneha Mehta,active,2026-08-31,12
446,Rohit Gupta,inactive,2026-05-16,119
447,Nikhil Jain,active,2026-09-07,5
448,Priya Verma,active,2026-08-17,26
449,Aman Mehta,inactive,2026-03-26,170
450,Aditya Mehta,active,2026-09-01,11
451,Aditya Yadav,active,2026-08-30,13
452,Priya Gupta,active,2026-08-20,23
453,Nikhil Yadav,inactive,2026-06-07,97
454,Simran Jain,active,2026-08-31,12
455,Karan Singh,inactive,2026-04-11,154
456,Rohit Jain,active,2026-09-04,8
457,Rohit Jain,inactive,2026-06-04,100
458,Ankit Yadav,inactive,2026-04-30,135
459,Nikhil Kumar,inactive,2026-04-25,140
460,Pooja Agarwal,inactive,2026-03-16,180
461,Neha Yadav,active,2026-09-03,9
462,Rahul Jain,inactive,2026-04-19,146
463,Aditya Verma,inactive,2026-04-23,142
464,Riya Verma,active,2026-08-18,25
465,Priya Kumar,active,2026-08-26,17
466,Priya Agarwal,active,2026-08-13,30
467,Neha Jain,inactive,2026-06-25,79
468,Sneha Sharma,active,2026-08-31,12
469,Neha Agarwal,inactive,2026-05-12,123
470,Neha Sharma,active,2026-09-08,4
471,Riya Patel,inactive,2026-06-11,93
472,Rahul Kumar,inactive,2026-04-29,136
473,Simran Gupta,inactive,2026-04-29,136
474,Vikas Yadav,active,2026-09-09,3
475,Rahul Kumar,active,2026-09-07,5
476,Pooja Yadav,occasional,2026-08-05,38
477,Nikhil Kumar,active,2026-09-08,4
478,Rahul Singh,active,2026-08-17,26
479,Arjun Jain,active,2026-08-16,27
480,Aditya Jain,occasional,2026-08-11,32
481,Karan Mehta,occasional,2026-08-03,40
482,Rohit Agarwal,active,2026-08-31,12
483,Neha Yadav,active,2026-08-21,22
484,Karan Verma,occasional,2026-07-20,54
485,Aman Mehta,occasional,2026-07-11,63
486,Pooja Sharma,active,2026-08-27,16
487,Rahul Agarwal,inactive,2026-05-27,108
488,Simran Sharma,active,2026-09-09,3
489,Ankit Singh,inactive,2026-04-09,156
490,Aman Yadav,inactive,2026-05-17,118
491,Priya Sharma,active,2026-09-01,11
492,Riya Gupta,inactive,2026-04-02,163
493,Vikas Jain,occasional,2026-08-04,39
494,Aman Jain,active,2026-09-05,7
495,Rahul Singh,inactive,2026-05-19,116
496,Aditya Kumar,occasional,2026-07-09,65
497,Vikas Kumar,active,2026-08-22,21
498,Neha Kumar,active,2026-08-18,25
499,Rahul Patel,active,2026-08-17,26
500,Ankit Agarwal,inactive,2026-03-25,171
501,Vikas Agarwal,active,2026-09-06,6
502,Vikas Jain,active,2026-08-17,26
503,Pooja Kumar,inactive,2026-03-27,169
504,Sneha Verma,active,2026-08-16,27
505,Priya Mehta,active,2026-09-08,4
506,Aman Patel,occasional,2026-07-24,50
507,Vikas Yadav,inactive,2026-06-07,97
508,Simran Jain,active,2026-09-10,2
509,Simran Patel,occasional,2026-07-16,58
510,Rohit Sharma,active,2026-08-22,21
511,Sneha Patel,occasional,2026-06-30,74
512,Priya Sharma,active,2026-08-23,20
513,Karan Jain,active,2026-09-09,3
514,Neha Patel,active,2026-08-24,19
515,Rahul Yadav,active,2026-08-28,15
516,Ankit Patel,active,2026-09-09,3
517,Arjun Gupta,occasional,2026-07-18,56
518,Ankit Kumar,active,2026-09-08,4
519,Rahul Gupta,active,2026-08-30,13
520,Aditya Mehta,active,2026-08-18,25
521,Rohit Jain,active,2026-08-23,20
522,Rohit Jain,active,2026-09-07,5
523,Riya Verma,active,2026-08-14,29
524,Simran Jain,inactive,2026-03-17,179
525,Karan Patel,occasional,2026-08-08,35
526,Pooja Mehta,active,2026-09-02,10
527,Riya Gupta,inactive,2026-03-31,165
528,Karan Gupta,inactive,2026-04-24,141
529,Neha Verma,inactive,2026-03-19,177
530,Priya Singh,inactive,2026-06-25,79
531,Ankit Mehta,occasional,2026-07-14,60
532,Nikhil Mehta,active,2026-08-14,29
533,Aman Verma,active,2026-08-20,23
534,Simran Jain,occasional,2026-07-17,57
535,Riya Yadav,active,2026-09-01,11
536,Karan Verma,active,2026-08-21,22
537,Pooja Patel,active,2026-08-16,27
538,Nikhil Mehta,occasional,2026-08-01,42
539,Nikhil Gupta,active,2026-08-13,30
540,Riya Sharma,inactive,2026-04-23,142
541,Priya Kumar,active,2026-09-01,11
542,Aditya Singh,active,2026-08-26,17
543,Aditya Kumar,inactive,2026-05-27,108
544,Neha Mehta,active,2026-08-22,21
545,Rohit Yadav,occasional,2026-07-11,63
546,Karan Gupta,occasional,2026-07-06,68
547,Priya Gupta,occasional,2026-07-05,69
548,Ankit Yadav,active,2026-08-15,28
549,Rahul Verma,active,2026-08-22,21
550,Nikhil Yadav,active,2026-09-05,7
551,Nikhil Yadav,active,2026-08-22,21
552,Rahul Jain,inactive,2026-04-20,145
553,Rohit Kumar,active,2026-08-17,26
554,Nikhil Agarwal,active,2026-09-09,3
555,Simran Sharma,active,2026-08-29,14
556,Vikas Jain,active,2026-08-23,20
557,Priya Patel,inactive,2026-05-19,116
558,Simran Patel,inactive,2026-06-12,92
559,Nikhil Patel,occasional,2026-08-06,37
560,Ankit Singh,active,2026-09-03,9
561,Vikas Singh,active,2026-09-10,2
562,Rohit Agarwal,inactive,2026-05-06,129
563,Neha Gupta,inactive,2026-04-16,149
564,Simran Patel,active,2026-09-06,6
565,Vikas Mehta,active,2026-08-14,29
566,Rohit Jain,active,2026-08-30,13
567,Pooja Jain,inactive,2026-06-01,103
568,Arjun Patel,active,2026-09-02,10
569,Vikas Yadav,inactive,2026-04-06,159
570,Karan Jain,active,2026-09-11,1
571,Riya Verma,active,2026-08-14,29
572,Rohit Patel,inactive,2026-05-13,122
573,Rahul Agarwal,active,2026-08-25,18
574,Neha Patel,occasional,2026-08-08,35
575,Sneha Mehta,active,2026-08-25,18
576,Rohit Yadav,occasional,2026-08-05,38
577,Priya Verma,active,2026-08-17,26
578,Ankit Mehta,inactive,2026-03-24,172
579,Priya Singh,occasional,2026-07-18,56
580,Pooja Sharma,active,2026-09-07,5
581,Simran Patel,inactive,2026-04-23,142
582,Vikas Gupta,occasional,2026-07-11,63
583,Priya Patel,inactive,2026-05-19,116
584,Priya Agarwal,inactive,2026-03-26,170
585,Riya Kumar,occasional,2026-07-11,63
586,Riya Mehta,occasional,2026-07-07,67
587,Rohit Jain,inactive,2026-05-12,123
588,Ankit Verma,inactive,2026-04-15,150
589,Rohit Sharma,occasional,2026-07-27,47
590,Karan Yadav,occasional,2026-08-09,34
591,Arjun Jain,active,2026-08-22,21
592,Simran Yadav,inactive,2026-05-11,124
593,Priya Singh,active,2026-08-20,23
594,Aman Singh,active,2026-09-01,11
595,Sneha Gupta,active,2026-09-05,7
596,Sneha Mehta,inactive,2026-04-29,136
597,Riya Sharma,inactive,2026-04-23,142
598,Neha Mehta,active,2026-08-21,22
599,Vikas Mehta,active,2026-09-06,6
600,Vikas Mehta,active,2026-08-31,12
601,Karan Kumar,occasional,2026-07-31,43
602,Neha Kumar,occasional,2026-07-29,45
603,Rohit Kumar,inactive,2026-04-01,164
604,Simran Jain,active,2026-08-31,12
605,Pooja Kumar,active,2026-08-24,19
606,Karan Mehta,active,2026-08-30,13
607,Riya Patel,inactive,2026-03-18,178
608,Priya Kumar,active,2026-08-20,23
609,Aman Patel,inactive,2026-04-06,159
610,Rohit Jain,active,2026-08-16,27
611,Pooja Kumar,inactive,2026-03-31,165
612,Rohit Gupta,active,2026-08-19,24
613,Arjun Singh,active,2026-08-21,22
614,Aditya Mehta,active,2026-09-04,8
615,Rahul Verma,active,2026-08-20,23
616,Vikas Verma,occasional,2026-08-04,39
617,Rahul Mehta,inactive,2026-06-08,96
618,Sneha Jain,active,2026-09-05,7
619,Nikhil Kumar,active,2026-08-22,21
620,Rahul Verma,occasional,2026-07-29,45
621,Pooja Sharma,inactive,2026-06-06,98
622,Sneha Gupta,inactive,2026-06-24,80
623,Riya Agarwal,inactive,2026-06-05,99
624,Aditya Kumar,inactive,2026-06-27,77
625,Rohit Yadav,occasional,2026-07-22,52
626,Rohit Jain,inactive,2026-04-20,145
627,Pooja Jain,inactive,2026-06-11,93
628,Riya Mehta,active,2026-09-05,7
629,Nikhil Verma,active,2026-08-19,24
630,Vikas Kumar,inactive,2026-06-27,77
631,Simran Patel,inactive,2026-04-17,148
632,Karan Singh,active,2026-08-15,28
633,Karan Agarwal,inactive,2026-04-24,141
634,Ankit Verma,active,2026-09-08,4
635,Priya Gupta,active,2026-08-13,30
636,Neha Sharma,active,2026-09-04,8
637,Vikas Kumar,inactive,2026-05-21,114
638,Arjun Yadav,active,2026-08-22,21
639,Ankit Singh,active,2026-09-08,4
640,Vikas Kumar,active,2026-08-21,22
641,Pooja Kumar,occasional,2026-07-03,71
642,Aditya Kumar,active,2026-09-04,8
643,Neha Gupta,active,2026-08-28,15
644,Simran Yadav,active,2026-08-20,23
645,Pooja Jain,inactive,2026-03-18,178
646,Karan Singh,inactive,2026-04-02,163
647,Nikhil Yadav,inactive,2026-06-18,86
648,Pooja Jain,occasional,2026-07-20,54
649,Aman Yadav,active,2026-08-16,27
650,Pooja Mehta,active,2026-08-25,18
651,Priya Gupta,active,2026-08-26,17
652,Vikas Verma,occasional,2026-07-06,68
653,Vikas Verma,inactive,2026-05-02,133
654,Nikhil Sharma,active,2026-08-26,17
655,Sneha Jain,occasional,2026-07-08,66
656,Vikas Kumar,inactive,2026-05-09,126
657,Rohit Sharma,inactive,2026-04-15,150
658,Aman Sharma,active,2026-08-20,23
659,Aman Mehta,inactive,2026-06-20,84
660,Aditya Jain,active,2026-08-29,14
661,Priya Gupta,inactive,2026-03-27,169
662,Karan Agarwal,active,2026-08-14,29
663,Sneha Jain,inactive,2026-05-11,124
664,Sneha Verma,occasional,2026-07-01,73
665,Riya Mehta,active,2026-08-15,28
666,Ankit Verma,active,2026-08-25,18
667,Sneha Mehta,active,2026-09-04,8
668,Riya Sharma,inactive,2026-05-21,114
669,Vikas Mehta,active,2026-08-30,13
670,Riya Singh,active,2026-08-31,12
671,Priya Kumar,active,2026-08-14,29
672,Simran Verma,active,2026-08-21,22
673,Sneha Yadav,inactive,2026-06-26,78
674,Neha Singh,active,2026-08-23,20
675,Rahul Jain,occasional,2026-08-09,34
676,Neha Sharma,active,2026-09-04,8
677,Pooja Singh,inactive,2026-03-21,175
678,Rahul Gupta,occasional,2026-07-25,49
679,Neha Yadav,active,2026-08-23,20
680,Nikhil Patel,active,2026-08-14,29
681,Priya Mehta,active,2026-09-02,10
682,Rohit Sharma,occasional,2026-07-06,68
683,Aditya Gupta,occasional,2026-07-16,58
684,Pooja Jain,active,2026-08-31,12
685,Karan Agarwal,inactive,2026-05-19,116
686,Simran Agarwal,active,2026-09-02,10
687,Sneha Gupta,inactive,2026-04-29,136
688,Neha Singh,active,2026-08-20,23
689,Priya Jain,inactive,2026-04-18,147
690,Sneha Agarwal,occasional,2026-08-04,39
691,Sneha Singh,active,2026-09-01,11
692,Karan Verma,inactive,2026-05-12,123
693,Aman Mehta,inactive,2026-06-04,100
694,Rahul Kumar,active,2026-08-23,20
695,Arjun Sharma,inactive,2026-06-04,100
696,Nikhil Yadav,inactive,2026-04-18,147
697,Neha Jain,active,2026-08-13,30
698,Ankit Kumar,inactive,2026-06-27,77
699,Neha Singh,inactive,2026-06-13,91
700,Simran Jain,inactive,2026-03-31,165
701,Arjun Singh,active,2026-09-04,8
702,Pooja Patel,inactive,2026-05-11,124
703,Vikas Mehta,occasional,2026-07-24,50
704,Rohit Patel,occasional,2026-07-12,62
705,Vikas Verma,inactive,2026-03-28,168
706,Vikas Patel,inactive,2026-05-12,123
707,Ankit Agarwal,active,2026-08-15,28
708,Neha Gupta,active,2026-08-25,18
709,Aditya Yadav,occasional,2026-07-17,57
710,Rohit Gupta,active,2026-09-04,8
711,Sneha Yadav,inactive,2026-04-26,139
712,Pooja Patel,active,2026-08-16,27
713,Vikas Jain,active,2026-08-19,24
714,Nikhil Patel,active,2026-08-19,24
715,Pooja Jain,active,2026-08-14,29
716,Pooja Sharma,occasional,2026-08-08,35
717,Riya Sharma,inactive,2026-05-07,128
718,Priya Singh,active,2026-09-07,5
719,Rahul Singh,occasional,2026-07-20,54
720,Rahul Yadav,occasional,2026-07-04,70
721,Aditya Jain,occasional,2026-08-11,32
722,Rahul Mehta,occasional,2026-08-12,31
723,Rahul Mehta,inactive,2026-04-21,144
724,Rohit Sharma,occasional,2026-06-29,75
725,Karan Agarwal,inactive,2026-06-06,98
726,Aman Verma,occasional,2026-07-28,46
727,Neha Yadav,occasional,2026-07-21,53
728,Rohit Agarwal,active,2026-08-30,13
729,Vikas Yadav,active,2026-08-20,23
730,Neha Kumar,occasional,2026-08-07,36
731,Karan Sharma,active,2026-08-30,13
732,Sneha Mehta,active,2026-08-22,21
733,Rahul Gupta,active,2026-08-15,28
734,Sneha Patel,occasional,2026-08-06,37
735,Aditya Mehta,inactive,2026-05-30,105
736,Neha Yadav,active,2026-09-10,2
737,Aditya Verma,occasional,2026-07-26,48
738,Aditya Mehta,occasional,2026-08-10,33
739,Priya Patel,active,2026-09-05,7
740,Arjun Gupta,inactive,2026-03-29,167
741,Riya Agarwal,inactive,2026-05-21,114
742,Priya Yadav,active,2026-08-16,27
743,Riya Agarwal,occasional,2026-07-09,65
744,Ankit Agarwal,inactive,2026-06-11,93
745,Nikhil Verma,occasional,2026-07-21,53
746,Rahul Verma,active,2026-08-16,27
747,Aman Patel,occasional,2026-07-04,70
748,Arjun Agarwal,inactive,2026-05-18,117
749,Rahul Kumar,inactive,2026-05-02,133
750,Vikas Singh,active,2026-08-30,13
751,Sneha Gupta,occasional,2026-07-01,73
752,Sneha Verma,inactive,2026-05-22,113
753,Nikhil Singh,inactive,2026-06-18,86
754,Rohit Gupta,active,2026-08-17,26
755,Karan Gupta,inactive,2026-05-19,116
756,Ankit Verma,active,2026-09-02,10
757,Vikas Patel,inactive,2026-06-15,89
758,Priya Verma,active,2026-08-28,15
759,Pooja Mehta,occasional,2026-08-06,37
760,Rahul Verma,active,2026-09-09,3
761,Arjun Yadav,inactive,2026-05-10,125
762,Rahul Kumar,active,2026-08-18,25
763,Aman Mehta,inactive,2026-05-28,107
764,Arjun Mehta,active,2026-08-30,13
765,Priya Gupta,active,2026-09-03,9
766,Vikas Gupta,active,2026-08-29,14
767,Rohit Agarwal,active,2026-08-17,26
768,Aman Patel,active,2026-09-04,8
769,Simran Jain,occasional,2026-07-31,43
770,Vikas Verma,active,2026-09-11,1
771,Sneha Patel,inactive,2026-05-11,124
772,Nikhil Patel,active,2026-08-29,14
773,Riya Yadav,active,2026-09-01,11
774,Arjun Singh,active,2026-09-06,6
775,Sneha Patel,active,2026-08-20,23
776,Karan Jain,inactive,2026-03-20,176
777,Neha Patel,active,2026-08-16,27
778,Nikhil Agarwal,active,2026-08-13,30
779,Arjun Singh,occasional,2026-07-09,65
780,Priya Mehta,active,2026-08-19,24
781,Vikas Singh,active,2026-09-02,10
782,Riya Verma,inactive,2026-03-19,177
783,Nikhil Agarwal,occasional,2026-08-04,39
784,Karan Kumar,active,2026-08-21,22
785,Priya Agarwal,inactive,2026-06-19,85
786,Vikas Yadav,active,2026-08-30,13
787,Pooja Mehta,inactive,2026-04-01,164
788,Sneha Mehta,active,2026-08-31,12
789,Simran Mehta,occasional,2026-08-07,36
790,Aman Singh,occasional,2026-07-21,53
791,Priya Yadav,active,2026-08-22,21
792,Karan Agarwal,inactive,2026-05-17,118
793,Nikhil Agarwal,active,2026-09-08,4
794,Rohit Singh,occasional,2026-07-10,64
795,Pooja Yadav,occasional,2026-07-29,45
796,Vikas Patel,active,2026-08-18,25
797,Karan Yadav,occasional,2026-08-03,40
798,Ankit Sharma,active,2026-09-02,10
799,Sneha Verma,active,2026-08-19,24
800,Priya Patel,active,2026-08-28,15
801,Nikhil Singh,occasional,2026-07-21,53
802,Vikas Verma,active,2026-08-20,23
803,Vikas Patel,active,2026-09-10,2
804,Nikhil Verma,active,2026-09-01,11
805,Karan Verma,occasional,2026-08-02,41
806,Aditya Singh,occasional,2026-07-08,66
807,Priya Patel,occasional,2026-07-14,60
808,Neha Agarwal,occasional,2026-08-01,42
809,Karan Agarwal,active,2026-08-19,24
810,Arjun Singh,active,2026-08-29,14
811,Sneha Sharma,inactive,2026-06-02,102
812,Rohit Verma,occasional,2026-07-09,65
813,Priya Patel,active,2026-08-28,15
814,Aman Kumar,occasional,2026-07-12,62
815,Pooja Patel,occasional,2026-07-04,70
816,Sneha Yadav,active,2026-08-31,12
817,Riya Jain,occasional,2026-06-30,74
818,Simran Kumar,inactive,2026-04-14,151
819,Aman Gupta,active,2026-09-04,8
820,Rohit Verma,active,2026-08-20,23
821,Priya Mehta,active,2026-08-23,20
822,Priya Yadav,active,2026-09-06,6
823,Vikas Mehta,occasional,2026-07-02,72
824,Aditya Gupta,occasional,2026-07-12,62
825,Rohit Gupta,active,2026-08-16,27
826,Vikas Yadav,active,2026-08-31,12
827,Rahul Jain,active,2026-08-16,27
828,Sneha Mehta,occasional,2026-07-12,62
829,Sneha Jain,active,2026-08-16,27
830,Vikas Jain,active,2026-08-24,19
831,Rahul Singh,active,2026-09-03,9
832,Neha Mehta,active,2026-08-18,25
833,Vikas Yadav,inactive,2026-03-22,174
834,Vikas Mehta,occasional,2026-07-07,67
835,Aman Kumar,inactive,2026-05-13,122
836,Pooja Sharma,inactive,2026-05-03,132
837,Pooja Singh,inactive,2026-06-15,89
838,Simran Singh,active,2026-09-10,2
839,Vikas Kumar,active,2026-08-16,27
840,Aman Jain,inactive,2026-06-13,91
841,Nikhil Singh,active,2026-08-19,24
842,Arjun Patel,inactive,2026-04-11,154
843,Karan Agarwal,active,2026-09-07,5
844,Nikhil Singh,inactive,2026-03-17,179
845,Rahul Yadav,active,2026-09-03,9
846,Arjun Mehta,active,2026-08-20,23
847,Rohit Kumar,occasional,2026-07-11,63
848,Aditya Verma,active,2026-08-18,25
849,Nikhil Agarwal,inactive,2026-05-24,111
850,Riya Gupta,inactive,2026-06-12,92
851,Neha Gupta,inactive,2026-05-28,107
852,Nikhil Agarwal,active,2026-08-24,19
853,Karan Kumar,occasional,2026-07-19,55
854,Vikas Verma,occasional,2026-08-07,36
855,Sneha Mehta,inactive,2026-04-01,164
856,Aditya Patel,active,2026-08-27,16
857,Ankit Yadav,active,2026-08-18,25
858,Riya Verma,inactive,2026-05-01,134
859,Karan Patel,inactive,2026-03-19,177
860,Pooja Agarwal,active,2026-08-29,14
861,Riya Singh,active,2026-09-01,11
862,Riya Kumar,active,2026-08-24,19
863,Priya Yadav,inactive,2026-03-20,176
864,Ankit Sharma,active,2026-08-22,21
865,Nikhil Jain,active,2026-08-13,30
866,Riya Gupta,active,2026-09-11,1
867,Sneha Singh,inactive,2026-06-12,92
868,Aditya Kumar,active,2026-08-13,30
869,Aditya Kumar,active,2026-08-31,12
870,Rohit Verma,active,2026-08-14,29
871,Karan Gupta,active,2026-08-22,21
872,Rohit Singh,active,2026-09-09,3
873,Simran Verma,active,2026-08-27,16
874,Aman Gupta,occasional,2026-07-10,64
875,Karan Jain,active,2026-08-20,23
876,Ankit Verma,inactive,2026-05-05,130
877,Simran Gupta,active,2026-09-04,8
878,Sneha Verma,inactive,2026-06-15,89
879,Aman Patel,active,2026-09-02,10
880,Priya Agarwal,inactive,2026-03-24,172
881,Riya Gupta,occasional,2026-06-30,74
882,Priya Verma,occasional,2026-08-12,31
883,Arjun Gupta,active,2026-08-19,24
884,Neha Gupta,inactive,2026-04-11,154
885,Karan Jain,inactive,2026-06-17,87
886,Aditya Verma,active,2026-09-08,4
887,Arjun Agarwal,active,2026-08-29,14
888,Ankit Gupta,active,2026-08-22,21
889,Aman Singh,occasional,2026-07-05,69
890,Simran Yadav,active,2026-08-20,23
891,Rahul Kumar,active,2026-08-23,20
892,Pooja Singh,inactive,2026-05-22,113
893,Karan Sharma,inactive,2026-03-19,177
894,Neha Jain,active,2026-09-04,8
895,Vikas Yadav,active,2026-08-14,29
896,Rahul Patel,inactive,2026-06-12,92
897,Sneha Yadav,active,2026-08-25,18
898,Karan Gupta,inactive,2026-03-22,174
899,Aman Sharma,occasional,2026-08-12,31
900,Rohit Singh,active,2026-09-10,2
901,Nikhil Agarwal,occasional,2026-07-03,71
902,Simran Mehta,inactive,2026-05-05,130
903,Simran Agarwal,active,2026-08-25,18
904,Pooja Yadav,active,2026-09-09,3
905,Rohit Verma,occasional,2026-07-30,44
906,Nikhil Gupta,occasional,2026-07-18,56
907,Arjun Verma,active,2026-08-29,14
908,Simran Singh,active,2026-09-09,3
909,Aditya Agarwal,active,2026-08-23,20
910,Arjun Sharma,active,2026-08-19,24
911,Karan Gupta,active,2026-08-20,23
912,Priya Sharma,active,2026-08-31,12
913,Pooja Mehta,inactive,2026-03-28,168
914,Rohit Gupta,active,2026-08-19,24
915,Nikhil Kumar,inactive,2026-06-13,91
916,Nikhil Sharma,active,2026-08-29,14
917,Rohit Mehta,active,2026-08-20,23
918,Arjun Verma,active,2026-08-26,17
919,Ankit Sharma,active,2026-08-24,19
920,Priya Patel,active,2026-08-18,25
921,Aman Yadav,occasional,2026-08-05,38
922,Neha Mehta,active,2026-08-15,28
923,Riya Sharma,active,2026-08-27,16
924,Ankit Agarwal,inactive,2026-06-06,98
925,Aditya Sharma,occasional,2026-07-02,72
926,Sneha Singh,active,2026-08-29,14
927,Aditya Patel,active,2026-09-09,3
928,Arjun Patel,active,2026-08-21,22
929,Aditya Sharma,active,2026-08-17,26
930,Pooja Sharma,inactive,2026-06-20,84
931,Aditya Jain,inactive,2026-03-21,175
932,Riya Kumar,active,2026-08-25,18
933,Vikas Sharma,active,2026-09-02,10
934,Arjun Kumar,inactive,2026-05-28,107
935,Vikas Patel,occasional,2026-07-12,62
936,Nikhil Singh,inactive,2026-04-20,145
937,Nikhil Singh,active,2026-08-13,30
938,Sneha Sharma,active,2026-08-31,12
939,Karan Sharma,inactive,2026-06-28,76
940,Nikhil Agarwal,inactive,2026-03-27,169
941,Rohit Verma,active,2026-09-04,8
942,Sneha Jain,inactive,2026-06-10,94
943,Simran Kumar,active,2026-08-13,30
944,Neha Mehta,active,2026-08-14,29
945,Ankit Jain,inactive,2026-06-18,86
946,Arjun Verma,occasional,2026-07-03,71
947,Riya Agarwal,active,2026-08-24,19
948,Rahul Agarwal,occasional,2026-08-04,39
949,Neha Kumar,active,2026-09-01,11
950,Aditya Agarwal,inactive,2026-03-26,170
951,Ankit Patel,active,2026-09-04,8
952,Aman Singh,active,2026-08-18,25
953,Arjun Verma,active,2026-09-06,6
954,Vikas Jain,active,2026-09-08,4
955,Pooja Patel,inactive,2026-06-02,102
956,Vikas Kumar,active,2026-08-15,28
957,Aman Verma,active,2026-08-21,22
958,Rohit Yadav,active,2026-08-16,27
959,Riya Patel,active,2026-08-20,23
960,Neha Patel,active,2026-09-10,2
961,Karan Kumar,active,2026-09-06,6
962,Rahul Agarwal,inactive,2026-04-18,147
963,Simran Mehta,active,2026-08-28,15
964,Aman Gupta,active,2026-09-10,2
965,Riya Singh,active,2026-08-16,27
966,Sneha Patel,occasional,2026-07-02,72
967,Aman Yadav,occasional,2026-08-08,35
968,Rahul Verma,active,2026-08-22,21
969,Vikas Gupta,active,2026-08-15,28
970,Riya Patel,active,2026-08-28,15
971,Rahul Gupta,inactive,2026-05-04,131
972,Riya Agarwal,active,2026-08-30,13
973,Karan Agarwal,active,2026-09-05,7
974,Aditya Gupta,active,2026-08-28,15
975,Aditya Gupta,active,2026-08-23,20
976,Arjun Singh,occasional,2026-07-12,62
977,Sneha Mehta,active,2026-09-09,3
978,Rohit Agarwal,active,2026-09-05,7
979,Karan Mehta,active,2026-08-17,26
980,Pooja Sharma,inactive,2026-03-20,176
981,Simran Patel,active,2026-08-17,26
982,Vikas Patel,inactive,2026-04-25,140
983,Ankit Agarwal,active,2026-09-11,1
984,Ankit Yadav,active,2026-08-14,29
985,Nikhil Kumar,active,2026-08-27,16
986,Pooja Patel,inactive,2026-05-30,105
987,Priya Verma,active,2026-09-04,8
988,Rohit Mehta,inactive,2026-03-26,170
989,Rahul Singh,occasional,2026-07-19,55
990,Ankit Gupta,active,2026-08-24,19
991,Ankit Patel,inactive,2026-06-25,79
992,Simran Patel,inactive,2026-04-17,148
993,Priya Yadav,inactive,2026-03-17,179
994,Aditya Jain,occasional,2026-08-01,42
995,Vikas Sharma,active,2026-09-04,8
996,Arjun Singh,active,2026-08-27,16
997,Rahul Patel,inactive,2026-06-03,101
998,Nikhil Gupta,active,2026-09-06,6
999,Aditya Patel,active,2026-09-07,5
1000,Arjun Gupta,inactive,2026-04-22,143
